title,link,date
focwa.tevreden.nl,https://github.com/openstreetmap/tile-attribution/issues/255,2026-01-25 20:11:54 UTC
icprignano.edu.it,https://github.com/openstreetmap/tile-attribution/issues/252,2026-01-22 15:15:32 UTC
icbadaloni.edu.it,https://github.com/openstreetmap/tile-attribution/issues/250,2026-01-17 17:35:05 UTC
iccostavolpino.edu.it,https://github.com/openstreetmap/tile-attribution/issues/248,2026-01-16 09:22:18 UTC
poloisola.edu.it,https://github.com/openstreetmap/tile-attribution/issues/247,2026-01-16 09:12:47 UTC
www.icbaracchini.edu.it,https://github.com/openstreetmap/tile-attribution/issues/246,2026-01-16 09:10:45 UTC
icsprimolevi.edu.it,https://github.com/openstreetmap/tile-attribution/issues/243,2026-01-08 18:23:42 UTC
liceoazuni.edu.it,https://github.com/openstreetmap/tile-attribution/issues/241,2026-01-07 13:41:19 UTC
www.c-monspot.fr,https://github.com/openstreetmap/tile-attribution/issues/240,2026-01-07 11:36:42 UTC
ic11bo.edu.it,https://github.com/openstreetmap/tile-attribution/issues/239,2026-01-07 10:46:07 UTC
www.parentucelli-arzela.edu.it,https://github.com/openstreetmap/tile-attribution/issues/234,2025-12-26 09:26:24 UTC
farmaciaditurno.it,https://github.com/openstreetmap/tile-attribution/issues/232,2025-12-14 13:18:53 UTC
karta-hrvatske.com.hr,https://github.com/openstreetmap/tile-attribution/issues/231,2025-12-14 13:14:06 UTC
www.iccarraraepaesiamonte.it,https://github.com/openstreetmap/tile-attribution/issues/230,2025-12-09 13:52:10 UTC
www.icfollo.edu.it,https://github.com/openstreetmap/tile-attribution/issues/229,2025-12-09 13:46:30 UTC
www.bierun.pl,https://github.com/openstreetmap/tile-attribution/issues/224,2025-12-03 19:52:35 UTC
www.gandhiprato.edu.it,https://github.com/openstreetmap/tile-attribution/issues/221,2025-11-15 08:38:35 UTC
icfelino.edu.it,https://github.com/openstreetmap/tile-attribution/issues/220,2025-11-15 08:36:59 UTC
www.imereventi.it,https://github.com/openstreetmap/tile-attribution/issues/219,2025-11-12 06:13:38 UTC
www.istitutoleonardodavincipt.edu.it,https://github.com/openstreetmap/tile-attribution/issues/218,2025-11-12 06:12:11 UTC
www.liceomoscati.edu.it,https://github.com/openstreetmap/tile-attribution/issues/217,2025-11-11 13:19:30 UTC
www.loiretbalades.fr,https://github.com/openstreetmap/tile-attribution/issues/214,2025-11-08 07:04:09 UTC
www.pictorcommunications.fr,https://github.com/openstreetmap/tile-attribution/issues/212,2025-11-06 11:07:33 UTC
opendata.nicecotedazur.org,https://github.com/openstreetmap/tile-attribution/issues/206,2025-10-15 14:15:52 UTC
mairie-lhoumeau.fr,https://github.com/openstreetmap/tile-attribution/issues/201,2025-10-09 13:03:26 UTC
www.politichegiovanili.gov.it,https://github.com/openstreetmap/tile-attribution/issues/190,2025-09-29 09:59:33 UTC
www.education.gouv.fr,https://github.com/openstreetmap/tile-attribution/issues/186,2025-09-22 12:15:32 UTC
www.mairie-dainville.fr,https://github.com/openstreetmap/tile-attribution/issues/184,2025-09-21 04:41:00 UTC
www.mairie-charentay.fr,https://github.com/openstreetmap/tile-attribution/issues/183,2025-09-21 04:39:07 UTC
www.ghisoni.corsica,https://github.com/openstreetmap/tile-attribution/issues/182,2025-09-21 04:37:16 UTC
www.jemepropose.com,https://github.com/openstreetmap/tile-attribution/issues/181,2025-09-20 04:39:41 UTC
www.bedandcrous.com,https://github.com/openstreetmap/tile-attribution/issues/180,2025-09-20 04:37:41 UTC
ville-pont-a-mousson.fr,https://github.com/openstreetmap/tile-attribution/issues/177,2025-09-18 08:27:44 UTC
www.annuaire-inverse-france.com,https://github.com/openstreetmap/tile-attribution/issues/176,2025-09-18 07:51:10 UTC
ou-kauerndorf.de,https://github.com/openstreetmap/tile-attribution/issues/174,2025-09-18 07:46:20 UTC
www.projetsmetro.tisseo.fr,https://github.com/openstreetmap/tile-attribution/issues/169,2025-09-17 10:15:03 UTC
jurapompiers.fr,https://github.com/openstreetmap/tile-attribution/issues/131,2025-09-04 04:59:37 UTC
www.locations.esset-pm.com,https://github.com/openstreetmap/tile-attribution/issues/130,2025-09-02 02:54:13 UTC
pnorman.github.io,https://github.com/openstreetmap/tile-attribution/issues/122,2025-07-14 23:07:00 UTC
sea-view-dubai.dtyhotel.com,https://github.com/openstreetmap/tile-attribution/issues/118,2025-07-01 08:42:45 UTC
noattribution.example.com,https://github.com/openstreetmap/tile-attribution/issues/109,2025-05-15 19:11:16 UTC
tngis.tn.gov.in,https://github.com/openstreetmap/tile-attribution/issues/99,2025-03-19 04:29:17 UTC
www.kukaj.se,https://github.com/openstreetmap/tile-attribution/issues/93,2025-02-12 18:50:01 UTC
discoveralpigiulie.eu,https://github.com/openstreetmap/tile-attribution/issues/92,2025-02-10 16:45:33 UTC
tracksolid.com,https://github.com/openstreetmap/tile-attribution/issues/61,2024-07-30 21:22:54 UTC
www.tel.fr,https://github.com/openstreetmap/tile-attribution/issues/38,2024-03-15 18:42:56 UTC
data.intelx.io,https://github.com/openstreetmap/tile-attribution/issues/25,2024-01-11 18:58:31 UTC
saverudata.net,https://github.com/openstreetmap/tile-attribution/issues/21,2023-12-30 01:21:22 UTC
eshop.aqualand-moravia.cz,https://github.com/openstreetmap/tile-attribution/issues/6,2023-11-27 14:54:59 UTC
